{"version":null,"displayName":"Axosoft","type":"Axosoft","logo":"Axosoft.png","logoSmall":"Axosoft.png","metadata":[{"name":"Project","dependent":false,"dependentMetadata":null,"values":[{"id":"1","name":"My Product","attributeName":null,"referenceType":null,"dependents":null,"regex":false}]},{"name":"Issue Type","dependent":false,"dependentMetadata":null,"values":[{"id":"features","name":"Feature","attributeName":null,"referenceType":null,"dependents":null,"regex":false}]}],"fields":[{"id":"last_updated_date_time","name":"Last Updated","datatype":"Datetime","values":null},{"id":"name","name":"Title","datatype":"String","values":null},{"id":"description","name":"Description","datatype":"String","values":null},{"id":"id","name":"Id","datatype":"String","values":null},{"id":"priority","name":"Priority","datatype":"String","values":[{"id":"1","name":"High","attributeName":null,"referenceType":null,"dependents":null,"regex":false},{"id":"2","name":"Low","attributeName":null,"referenceType":null,"dependents":null,"regex":false},{"id":"3","name":"Medium","attributeName":null,"referenceType":null,"dependents":null,"regex":false}]},{"id":"assigned_to","name":"Assigned To","datatype":"String","values":[{"id":"1","name":"Administrator","attributeName":null,"referenceType":null,"dependents":null,"regex":false},{"id":"100","name":"Andy Salo","attributeName":null,"referenceType":null,"dependents":null,"regex":false}]}],"loginOptions":[],"idFieldName":"id","titleFieldName":"name","projectFieldName":"","artifactFieldName":"","testStepsFieldName":null,"changedDateFieldName":"last_updated_date_time","dateFormat":"yyyy-MM-dd","dateTimeFormat":" yyyy-MM-dd'T'HH:mm:ssZ","queryDateFormat":" yyyy-MM-dd'T'HH:mm:ssZ","iso8601DateFormat":false,"commentFieldName":null,"commentFieldId":null,"attachmentFieldName":null,"attachmentFieldId":null,"apiVersion":null,"callBackUrlConfigured":false,"callBackUrls":null,"apiProvider":"ExternalApplication","applicationType":null,"urlDescription":"","userNameDescription":"","passwordDescription":"","paginationSupported":false,"paginationAttributes":null,"status":"Active","active":true,"syncModel":"ReadWrite"}