[{"schemeId":21,"schemeName":"Default","adapterType":"Axosoft","group":null,"active":true,"adapterMetadataList":[],"requestHeaders":[],"restTemplates":{"QUERY_MODIFIED_RECORDS":{"templateId":73,"operation":"QUERY_MODIFIED_RECORDS","httpVerb":"GET","restUrl":"/api/v5/features?filter_id=14","specifications":{"Response":{"specId":148,"type":"Response","adapterType":null,"specType":"JOLT","status":"Active","specification":"[\n  {\n    \"operation\": \"shift\",\n    \"spec\": {\n      \"data\": {\n        \"*\": {\n          \"id\": \"result.[&1].id\",\n          \"*\": \"result.[&1].fields.&\"\n        }\n      }\n    }\n  },\n  {\n    \"operation\": \"modify-overwrite-beta\",\n    \"spec\": {\n      \"result\": {\n        \"*\": { \"id\": \"=toString\" }\n      }\n    }\n  },\n  {\"operation\": \"modify-overwrite-beta\",\n       \"spec\": {\n      \"totalModifiedRecords\": \"=size(@(1,result))\"\n    }\n}\n]","samplePayload":"{\n    \"data\": [\n        {\n            \"actual_duration\": {\n                \"duration_text\": \"0 \",\n                \"abbreviation\": \"\",\n                \"time_unit\": {\n                    \"name\": \"\",\n                    \"id\": 0\n                },\n                \"duration_minutes\": 0.0,\n                \"aggregate_duration_minutes\": 0.0,\n                \"value\": 0.0\n            },\n            \"estimated_duration\": {\n                \"duration_text\": \"0 \",\n                \"abbreviation\": \"\",\n                \"time_unit\": {\n                    \"name\": \"\",\n                    \"id\": 0\n                },\n                \"duration_minutes\": 0.0,\n                \"aggregate_duration_minutes\": 0.0,\n                \"value\": 0.0\n            },\n            \"remaining_duration\": {\n                \"duration_text\": \"0 \",\n                \"abbreviation\": \"\",\n                \"time_unit\": {\n                    \"name\": \"\",\n                    \"id\": 0\n                },\n                \"duration_minutes\": 0.0,\n                \"aggregate_duration_minutes\": 0.0,\n                \"value\": 0.0\n            },\n            \"assigned_to\": {\n                \"name\": \"Andy Salo\",\n                \"id\": 100,\n                \"type\": \"user\"\n            },\n            \"created_by\": {\n                \"name\": \"Administrator \",\n                \"id\": 1\n            },\n            \"reported_by\": {\n                \"name\": \"Administrator \",\n                \"id\": 1\n            },\n            \"reported_by_customer_contact\": {\n                \"name\": \"\",\n                \"first_name\": null,\n                \"last_name\": null,\n                \"email\": null,\n                \"phone\": null,\n                \"id\": 0\n            },\n            \"last_updated_by\": {\n                \"name\": \"Andy Salo\",\n                \"id\": 100\n            },\n            \"project\": {\n                \"name\": \"Andy's Project\",\n                \"path\": \"Andy's Project\",\n                \"id\": 2\n            },\n            \"release\": {\n                \"name\": null,\n                \"path\": null,\n                \"id\": 0\n            },\n            \"parent_project\": {\n                \"path\": null,\n                \"id\": 0,\n                \"name\": \"\"\n            },\n            \"customer\": {\n                \"company_url\": null,\n                \"id\": null,\n                \"company_name\": null\n            },\n            \"workflow_step\": {\n                \"name\": \"New\",\n                \"order\": 1,\n                \"id\": 7\n            },\n            \"priority\": {\n                \"name\": \"Low\",\n                \"order\": 1,\n                \"id\": 2\n            },\n            \"status\": {\n                \"name\": \"Open\",\n                \"order\": 1,\n                \"id\": 1\n            },\n            \"subitems\": {\n                \"count\": 0\n            },\n            \"has_notifications\": false,\n            \"related_items\": {\n                \"count\": 0\n            },\n            \"has_emails\": false,\n            \"has_work_logs\": false,\n            \"has_commits\": false,\n            \"has_attachments\": false,\n            \"has_zendesk_tickets\": false,\n            \"vote\": {\n                \"count\": 0,\n                \"average\": 0.00000000000000000000\n            },\n            \"is_ranked\": false,\n            \"rank\": null,\n            \"id\": 6,\n            \"number\": \"6\",\n            \"item_type\": \"features\",\n            \"parent\": {\n                \"id\": 0\n            },\n            \"subitem_type\": \"item\",\n            \"build_number\": \"\",\n            \"start_date\": \"2021-01-02T07:00:00Z\",\n            \"completion_date\": null,\n            \"name\": \"Andy's first feature created via Postman\",\n            \"archived\": false,\n            \"created_by_email_address\": null,\n            \"publicly_viewable\": false,\n            \"due_date\": null,\n            \"percent_complete\": 0,\n            \"created_date_time\": \"2021-01-03T06:32:34Z\",\n            \"last_updated_date_time\": \"2021-01-04T21:14:08Z\",\n            \"description\": \"I have just updated this Description via Postman!!!\",\n            \"notes\": \"\",\n            \"custom_fields\": {\n                \"custom_1\": \"User Story (Feature)\"\n            },\n            \"has_related_items\": false\n        },\n        {\n            \"actual_duration\": {\n                \"duration_text\": \"0 \",\n                \"abbreviation\": \"\",\n                \"time_unit\": {\n                    \"name\": \"\",\n                    \"id\": 0\n                },\n                \"duration_minutes\": 0.0,\n                \"aggregate_duration_minutes\": 0.0,\n                \"value\": 0.0\n            },\n            \"estimated_duration\": {\n                \"duration_text\": \"0 \",\n                \"abbreviation\": \"\",\n                \"time_unit\": {\n                    \"name\": \"\",\n                    \"id\": 0\n                },\n                \"duration_minutes\": 0.0,\n                \"aggregate_duration_minutes\": 0.0,\n                \"value\": 0.0\n            },\n            \"remaining_duration\": {\n                \"duration_text\": \"0 \",\n                \"abbreviation\": \"\",\n                \"time_unit\": {\n                    \"name\": \"\",\n                    \"id\": 0\n                },\n                \"duration_minutes\": 0.0,\n                \"aggregate_duration_minutes\": 0.0,\n                \"value\": 0.0\n            },\n            \"assigned_to\": {\n                \"name\": \"\",\n                \"id\": 0,\n                \"type\": \"user\"\n            },\n            \"created_by\": {\n                \"name\": \"Administrator \",\n                \"id\": 1\n            },\n            \"reported_by\": {\n                \"name\": \"Administrator \",\n                \"id\": 1\n            },\n            \"reported_by_customer_contact\": {\n                \"name\": \"\",\n                \"first_name\": null,\n                \"last_name\": null,\n                \"email\": null,\n                \"phone\": null,\n                \"id\": 0\n            },\n            \"last_updated_by\": {\n                \"name\": \"Administrator \",\n                \"id\": 1\n            },\n            \"project\": {\n                \"name\": \"Andy's Project\",\n                \"path\": \"Andy's Project\",\n                \"id\": 2\n            },\n            \"release\": {\n                \"name\": null,\n                \"path\": null,\n                \"id\": 0\n            },\n            \"parent_project\": {\n                \"path\": null,\n                \"id\": 0,\n                \"name\": \"\"\n            },\n            \"customer\": {\n                \"company_url\": null,\n                \"id\": null,\n                \"company_name\": null\n            },\n            \"workflow_step\": {\n                \"name\": \"New\",\n                \"order\": 1,\n                \"id\": 7\n            },\n            \"priority\": {\n                \"name\": \"Low\",\n                \"order\": 1,\n                \"id\": 2\n            },\n            \"status\": {\n                \"name\": \"Open\",\n                \"order\": 1,\n                \"id\": 1\n            },\n            \"subitems\": {\n                \"count\": 0\n            },\n            \"has_notifications\": false,\n            \"related_items\": {\n                \"count\": 0\n            },\n            \"has_emails\": false,\n            \"has_work_logs\": false,\n            \"has_commits\": false,\n            \"has_attachments\": false,\n            \"has_zendesk_tickets\": false,\n            \"vote\": {\n                \"count\": 0,\n                \"average\": 0.00000000000000000000\n            },\n            \"is_ranked\": false,\n            \"rank\": null,\n            \"id\": 10,\n            \"number\": \"10\",\n            \"item_type\": \"features\",\n            \"parent\": {\n                \"id\": 0\n            },\n            \"subitem_type\": \"item\",\n            \"build_number\": \"\",\n            \"start_date\": \"2021-01-04T07:00:00Z\",\n            \"completion_date\": null,\n            \"name\": \"Project Testing\",\n            \"archived\": false,\n            \"created_by_email_address\": null,\n            \"publicly_viewable\": false,\n            \"due_date\": null,\n            \"percent_complete\": 0,\n            \"created_date_time\": \"2021-01-04T20:28:54Z\",\n            \"last_updated_date_time\": \"2021-01-04T20:28:54Z\",\n            \"description\": \"I created this feature via a Post in Postman\",\n            \"notes\": \"\",\n            \"custom_fields\": {\n                \"custom_1\": \"User Story (Feature)\"\n            },\n            \"has_related_items\": false\n        }\n    ],\n    \"metadata\": {\n        \"total_count\": 2,\n        \"page\": 0,\n        \"page_size\": 2,\n        \"minutes_worked\": 0.0,\n        \"minutes_estimated\": 0.0,\n        \"minutes_remaining\": 0.0,\n        \"percent_complete\": 0.0,\n        \"parent_items\": []\n    }\n}","statusCode":2,"contentAvailable":true},"Request":{"specId":147,"type":"Request","adapterType":null,"specType":null,"status":"Active","specification":null,"samplePayload":null,"statusCode":2,"contentAvailable":false}}},"QUERY_RECORD_BY_ID":{"templateId":74,"operation":"QUERY_RECORD_BY_ID","httpVerb":"GET","restUrl":"/api/v5/features/${recordId}","specifications":{"Response":{"specId":150,"type":"Response","adapterType":null,"specType":"JOLT","status":"Active","specification":"[\n  {\n    \"operation\": \"shift\",\n    \"spec\": {\n      \"data\": {\n        \"id\": \"id\",\n        \"*\": \"fields.&\"\n      }\n    }\n  }, {\n    \"operation\": \"modify-overwrite-beta\",\n    \"spec\": {\n      \"id\": \"=toString\"\n    }\n  }\n  ]\n","samplePayload":"{\n    \"data\": {\n        \"start_date\": \"2021-01-02T07:00:00Z\",\n        \"build_number\": \"\",\n        \"id\": 3,\n        \"item_type\": \"features\",\n        \"assigned_to\": {\n            \"type\": \"user\",\n            \"id\": 100\n        },\n        \"parent\": {\n            \"id\": 0\n        },\n        \"priority\": {\n            \"id\": 1\n        },\n        \"project\": {\n            \"id\": 1\n        },\n        \"release\": {\n            \"id\": 3\n        },\n        \"reported_by\": {\n            \"id\": 100\n        },\n        \"reported_by_customer_contact\": {\n            \"id\": 0\n        },\n        \"status\": {\n            \"id\": 3\n        },\n        \"workflow_step\": {\n            \"id\": 9\n        },\n        \"actual_duration\": {\n            \"duration\": 0.0,\n            \"time_unit\": {\n                \"id\": 0\n            }\n        },\n        \"estimated_duration\": {\n            \"duration\": 0.0,\n            \"time_unit\": {\n                \"id\": 0\n            }\n        },\n        \"remaining_duration\": {\n            \"duration\": 0.0,\n            \"time_unit\": {\n                \"id\": 0\n            }\n        },\n        \"percent_complete\": 0,\n        \"archived\": false,\n        \"publicly_viewable\": false,\n        \"completion_date\": null,\n        \"due_date\": null,\n        \"last_updated_date_time\": \"2021-01-03T01:40:03Z\",\n        \"description\": \"This is an Axosoft UA task\",\n        \"name\": \"Get this UA to work\",\n        \"notes\": \"\",\n        \"number\": \"3\",\n        \"custom_fields\": {\n            \"custom_1\": \"Task (To-Do)\"\n        }\n    }\n}","statusCode":2,"contentAvailable":true},"Request":{"specId":149,"type":"Request","adapterType":null,"specType":null,"status":"Active","specification":null,"samplePayload":null,"statusCode":2,"contentAvailable":false}}},"UPDATE_RECORD":{"templateId":76,"operation":"UPDATE_RECORD","httpVerb":"POST","restUrl":"/api/v5/features/${recordId}","specifications":{"Response":{"specId":152,"type":"Response","adapterType":null,"specType":"JOLT","status":"Active","specification":"[\n  {\n    \"operation\": \"shift\",\n    \"spec\": {\n      \"data\": { \n      \"id\":\"id\",       \n        \"description\": \"fields.&\",\n        \"priority\": {\n          \"id\": \"fields.priority\"},\n          \"assigned_to\":{\n        \"id\": \"fields.assigned_to\"}\n      }\n    }\n    }, {\n    \"operation\": \"modify-overwrite-beta\",\n    \"spec\": {\n      \"id\": \"=toString\",\n      \"fields\": {\n        \"priority\": \"=toString\",\n        \"assigned_to\": \"=toString\"       \n      }\n    }\n  }\n  ]\n","samplePayload":"{\n    \"data\": {\n        \"start_date\": \"2021-01-02T07:00:00Z\",\n        \"build_number\": \"\",\n        \"id\": 6,\n        \"item_type\": \"features\",\n        \"assigned_to\": {\n            \"type\": \"user\",\n            \"id\": 100\n        },\n        \"parent\": {\n            \"id\": 0\n        },\n        \"priority\": {\n            \"id\": 2\n        },\n        \"project\": {\n            \"id\": 2\n        },\n        \"release\": {\n            \"id\": 0\n        },\n        \"reported_by\": {\n            \"id\": 1\n        },\n        \"reported_by_customer_contact\": {\n            \"id\": 0\n        },\n        \"status\": {\n            \"id\": 1\n        },\n        \"workflow_step\": {\n            \"id\": 7\n        },\n        \"actual_duration\": {\n            \"duration\": 0.0,\n            \"time_unit\": {\n                \"id\": 0\n            }\n        },\n        \"estimated_duration\": {\n            \"duration\": 0.0,\n            \"time_unit\": {\n                \"id\": 0\n            }\n        },\n        \"remaining_duration\": {\n            \"duration\": 0.0,\n            \"time_unit\": {\n                \"id\": 0\n            }\n        },\n        \"percent_complete\": 0,\n        \"archived\": false,\n        \"publicly_viewable\": false,\n        \"completion_date\": null,\n        \"due_date\": null,\n        \"last_updated_date_time\": \"2021-01-03T06:49:16Z\",\n        \"description\": \"I have just updated this Description via Postman!!!\",\n        \"name\": \"Andy's first feature created via Postman\",\n        \"notes\": \"\",\n        \"number\": \"6\",\n        \"custom_fields\": {\n            \"custom_1\": \"User Story (Feature)\"\n        }\n    }\n}","statusCode":2,"contentAvailable":true},"Request":{"specId":151,"type":"Request","adapterType":null,"specType":"JOLT","status":"Active","specification":"[\n  {\n    \"operation\": \"shift\",\n    \"spec\": {\n      \"fields\": { \n      \"id\":\"id\",       \n        \"description\": \"item.&\",\n        \"priority\": \"item.priority.id\",\n        \"assigned_to\": \"item.assigned_to.id\"\n        }\n    }\n    }, {\n    \"operation\": \"modify-overwrite-beta\",\n    \"spec\": {     \n    \"item\": {\n        \"priority\": {\"id\": \"=toInteger\"},\n        \"assigned_to\": {\"id\": \"=toInteger\"}\n      }\n    }\n  }\n  ]\n","samplePayload":"{\n  \"id\": \"TP-4\",\n  \"fields\": {\n    \"summary\": \"Test for API creation 2\",\n    \"description\": \"Test for API creation 2\",\n    \"assigned_to\": \"3\",\n    \"priority\": \"1\",\n    \"reporter\": \"admin\"\n  }\n}","statusCode":2,"contentAvailable":true}}},"CREATE_RECORD":{"templateId":75,"operation":"CREATE_RECORD","httpVerb":"POST","restUrl":"/api/v5/features/project_id=${Project}","specifications":{"Response":{"specId":146,"type":"Response","adapterType":null,"specType":"JOLT","status":"Active","specification":"[\n  {\n    \"operation\": \"shift\",\n    \"spec\": {\n      \"item\": {\n        \"name\": \"fields.name\",\n        \"description\": \"fields.&\",\n        \"priority\": {\n          \"id\": \"fields.priority\"\n        },\n        \"custom_fields\": {\n          \"*\": \"fields.&\"\n        }\n      }\n    }\n  }, {\n    \"operation\": \"modify-overwrite-beta\",\n    \"spec\": {\n      \"fields\": {\n        \"priority\": \"=toString\"\n      }\n    }\n  }\n  ]\n","samplePayload":"{\n  \"item\": {\n    \"custom_fields\": {\n      \"custom_1\": \"User Story (Feature)\",\n      \"custom_2\": \"Doug Bass\"    \n    },\"priority\": {\n      \"id\": 2\n    },\n    \"name\": \"This is my newest Story\",\n    \"description\": \"Postman create\"\n  }\n}","statusCode":2,"contentAvailable":true},"Request":{"specId":145,"type":"Request","adapterType":null,"specType":"JOLT","status":"Active","specification":"[\n  {\n    \"operation\": \"shift\",\n    \"spec\": {\n      \"fields\": {          \n      \"*\":\"item.&\",\n      \"priority\":\"item.priority.id\"\n}\n      }\n    }\n  , {\n    \"operation\": \"modify-overwrite-beta\",\n    \"spec\": {\n      \"item\":{\n      \"priority\": {\n      \"id\":\"=toInteger\"}\n    }\n  }\n}\n  ]\n","samplePayload":"{\n  \"fields\": {\n    \"summary\": \"Test for API creation 2\",\n    \"description\": \"Test for API creation 2\",\n    \"priority\": \"1\",\n    \"modifiedTime\": \"01-04-2019 11:46:30.124\",\n    \"severity\": \"2\",\n    \"status\": \"Open\"\n  }\n}","statusCode":2,"contentAvailable":true}}}},"default":true}]